Scheduler,Nodes_Used_mean,Nodes_Used_std,Avg_CPU_Per_Node_mean,Avg_CPU_Per_Node_std,Avg_Memory_Per_Node_mean,Avg_Memory_Per_Node_std,Avg_Disk_Per_Node_mean,Avg_Disk_Per_Node_std,Avg_Network_Per_Node_mean,Avg_Network_Per_Node_std,Total_Energy_Consumed_mean,Total_Energy_Consumed_std
batch_bin_packing__1D.py,7.033333333333333,1.7904600320690718,54.71710158730159,6.390572531897886,54.02530423280424,7.119740519814865,52.575668386243386,6.594034614047887,54.26878161375661,7.243616059913268,299189.1666666667,26418.50283560204
batch_bin_packing__4D.py,6.7,1.6220463873633886,57.187897486772485,5.058718488048316,56.52121216931217,6.861898764370476,55.30279907407407,8.346922601276008,56.75183849206349,6.652817654878162,282754.7,25585.75937313568
batch_bin_packing__Defult.py,9.6,3.2652823714829378,19.592502924472043,3.6612451956125036,19.840881034760447,4.296277619850479,19.745557639419406,4.377907057963988,20.13009287460905,3.476116290570209,548469.3666666667,43020.936682827065
